"ROWID","CREATORID","CREATEDTIME","MODIFIEDTIME","case_rowid","vehicle_number","vehicle_type_rowid","make","model","color","owner_name","chassis_number","engine_number","seized_status"
"49093000000170670","49093000000013007","2026-06-28 13:58:59:371","2026-06-28 13:58:59:371","49093000000157260","515-OTE","49093000000164392","Tata","Seltos","White","Yutika Kibe","16323976202557682","593508194361","true"
"49093000000170671","49093000000013007","2026-06-28 13:58:59:371","2026-06-28 13:58:59:371","49093000000157261","2QV7937","49093000000164399","Bajaj","City","Red","Vasudha Kara","92739688651303050","040415872835","true"
"49093000000170672","49093000000013007","2026-06-28 13:58:59:371","2026-06-28 13:58:59:371","49093000000157263","8VS 207","49093000000164399","TVS","Creta","Blue","Bahadurjit Butala","93084893952870822","961685821571","true"
"49093000000170673","49093000000013007","2026-06-28 13:58:59:371","2026-06-28 13:58:59:371","49093000000157269","ZBE-302","49093000000164395","Toyota","Nexon","Red","Meera Ramachandran","86116702872771069","397122861702","false"
"49093000000170674","49093000000013007","2026-06-28 13:58:59:371","2026-06-28 13:58:59:371","49093000000157270","963823","49093000000164391","TVS","Innova","Brown","Advay Thaker","88860944942699676","151938718734","false"
"49093000000170675","49093000000013007","2026-06-28 13:58:59:371","2026-06-28 13:58:59:371","49093000000157273","1961","49093000000164394","Maruti Suzuki","Creta","Green","Vritti Varty","36879006795436657","630034577751","false"
"49093000000170676","49093000000013007","2026-06-28 13:58:59:371","2026-06-28 13:58:59:371","49093000000157277","482580","49093000000164392","Bajaj","Creta","Green","Ayush Balay","53855871714110981","604337021707","false"
"49093000000170677","49093000000013007","2026-06-28 13:58:59:371","2026-06-28 13:58:59:371","49093000000157279","287-WAJ","49093000000164399","TVS","Nexon","Green","Edhitha Tak","18821163943336681","953332136880","true"
"49093000000170678","49093000000013007","2026-06-28 13:58:59:371","2026-06-28 13:58:59:371","49093000000157280","790GKZ","49093000000164392","Mahindra","Dost","Black","Vedhika Bhargava","77428817744242258","596049184543","false"
"49093000000170679","49093000000013007","2026-06-28 13:58:59:371","2026-06-28 13:58:59:371","49093000000157281","TOL-1307","49093000000164393","Tata","Pulsar","Blue","Edhitha Bedi","73106812432564616","717230363704","false"
"49093000000170680","49093000000013007","2026-06-28 13:58:59:371","2026-06-28 13:58:59:371","49093000000157282","SEU3616","49093000000164391","Toyota","Pulsar","Silver","Chatresh Barad","72071863522685924","720244762181","true"
"49093000000170681","49093000000013007","2026-06-28 13:58:59:371","2026-06-28 13:58:59:371","49093000000157284","Y59-HYA","49093000000164400","Tata","Nexon","Black","Amol Mistry","53355380344142133","582261803434","true"
"49093000000170682","49093000000013007","2026-06-28 13:58:59:371","2026-06-28 13:58:59:371","49093000000157285","0JN 746","49093000000164392","Maruti Suzuki","Apache","Brown","Oliver Narula","80732628196411309","877824505656","false"
"49093000000170683","49093000000013007","2026-06-28 13:58:59:372","2026-06-28 13:58:59:372","49093000000157286","7-32830","49093000000164398","TVS","Apache","Green","Abhiram Bakshi","25469737593901320","008148259602","true"
"49093000000170684","49093000000013007","2026-06-28 13:58:59:372","2026-06-28 13:58:59:372","49093000000157287","038 UAP","49093000000164393","Maruti Suzuki","Scorpio","Green","Harsh Mand","86594446658202816","180536612485","true"
"49093000000170685","49093000000013007","2026-06-28 13:58:59:372","2026-06-28 13:58:59:372","49093000000157289","3IF21","49093000000164399","Hyundai","Pulsar","Black","Tanay Srinivas","34922881423311615","740040680725","true"
"49093000000170686","49093000000013007","2026-06-28 13:58:59:372","2026-06-28 13:58:59:372","49093000000157294","SCF0464","49093000000164391","Honda","Creta","Black","Luke Dyal","61785688330723977","720006793375","false"
"49093000000170687","49093000000013007","2026-06-28 13:58:59:372","2026-06-28 13:58:59:372","49093000000157297","184-RPN","49093000000164400","Ashok Leyland","Nexon","Green","Fiyaz Nagy","38637343738720126","412921545808","true"
"49093000000170688","49093000000013007","2026-06-28 13:58:59:372","2026-06-28 13:58:59:372","49093000000157298","973 DL7","49093000000164395","Mahindra","Innova","Brown","Sachi Soni","71020963021517015","780720454313","true"
"49093000000170689","49093000000013007","2026-06-28 13:58:59:372","2026-06-28 13:58:59:372","49093000000157299","4-U1657","49093000000164400","Kia","Innova","White","Aarav Ravi","86915422678810829","964980895409","false"
"49093000000170690","49093000000013007","2026-06-28 13:58:59:372","2026-06-28 13:58:59:372","49093000000157301","HMB 202","49093000000164396","Hyundai","Nexon","Brown","Owen Parmar","38256581873622941","315239772177","true"
"49093000000170691","49093000000013007","2026-06-28 13:58:59:372","2026-06-28 13:58:59:372","49093000000157302","LJM 906","49093000000164398","Toyota","Creta","Red","Yashodhara Lala","73426308914797776","791242448413","false"
"49093000000170692","49093000000013007","2026-06-28 13:58:59:372","2026-06-28 13:58:59:372","49093000000157303","745FLJ","49093000000164400","Bajaj","Swift","Brown","Vasatika Dara","63378933848244173","012037321923","false"
"49093000000170693","49093000000013007","2026-06-28 13:58:59:372","2026-06-28 13:58:59:372","49093000000157304","BGJ 099","49093000000164395","TVS","Creta","Black","Gagan Muni","33001172306047197","304913529800","true"
"49093000000170694","49093000000013007","2026-06-28 13:58:59:372","2026-06-28 13:58:59:372","49093000000157305","ZFV Q18","49093000000164399","Tata","Pulsar","Green","Irya Bath","34652029311321696","630321326467","false"
"49093000000170695","49093000000013007","2026-06-28 13:58:59:372","2026-06-28 13:58:59:372","49093000000157314","MVE 560","49093000000164400","Honda","Scorpio","White","Yash Dhingra","93153111520340450","148370076855","true"
"49093000000170696","49093000000013007","2026-06-28 13:58:59:372","2026-06-28 13:58:59:372","49093000000157315","840BQP","49093000000164397","Ashok Leyland","Swift","Green","Rajeshri Dhar","99271013861557297","545029399814","true"
"49093000000170697","49093000000013007","2026-06-28 13:58:59:372","2026-06-28 13:58:59:372","49093000000157319","HCK 208","49093000000164393","Mahindra","Scorpio","Red","Fiyaz Agarwal","03379473475729092","085502334469","false"
"49093000000170698","49093000000013007","2026-06-28 13:58:59:372","2026-06-28 13:58:59:372","49093000000157322","168012","49093000000164397","Toyota","City","Silver","Samuel Bhardwaj","82995200361452670","137698206332","true"
"49093000000170699","49093000000013007","2026-06-28 13:58:59:372","2026-06-28 13:58:59:372","49093000000157323","D30 9RM","49093000000164398","Honda","Innova","Brown","Hredhaan Sengupta","14953306148008096","345499042515","false"
"49093000000170700","49093000000013007","2026-06-28 13:58:59:373","2026-06-28 13:58:59:373","49093000000157327","VFT7027","49093000000164395","Kia","Swift","Green","Harini Varkey","53879497180223896","722137259407","false"
"49093000000170701","49093000000013007","2026-06-28 13:58:59:373","2026-06-28 13:58:59:373","49093000000157329","57-3250O","49093000000164397","Honda","City","Blue","Triya Yadav","03935473166846909","101449985315","true"
"49093000000170702","49093000000013007","2026-06-28 13:58:59:373","2026-06-28 13:58:59:373","49093000000157330","73I 7091","49093000000164391","Bajaj","Nexon","Green","Gaurangi Sangha","94490581732076590","050458548671","false"
"49093000000170703","49093000000013007","2026-06-28 13:58:59:373","2026-06-28 13:58:59:373","49093000000157331","J 960695","49093000000164393","Bajaj","Apache","Silver","Chakrika Dutt","30299090143743883","930406075431","true"
"49093000000170704","49093000000013007","2026-06-28 13:58:59:373","2026-06-28 13:58:59:373","49093000000157332","1J 2H3OVN","49093000000164393","Honda","Dost","Black","Manan Mani","34526851525916406","169184693951","true"
"49093000000170705","49093000000013007","2026-06-28 13:58:59:373","2026-06-28 13:58:59:373","49093000000157334","58L R70","49093000000164398","Ashok Leyland","Apache","Red","Pranit Uppal","61618808953407028","332317618892","true"
"49093000000170706","49093000000013007","2026-06-28 13:58:59:373","2026-06-28 13:58:59:373","49093000000157335","MIG-869","49093000000164397","Kia","Swift","Black","Vihaan Biswas","06034299818666301","024045532085","true"
"49093000000170707","49093000000013007","2026-06-28 13:58:59:373","2026-06-28 13:58:59:373","49093000000157338","XCE9337","49093000000164394","Hyundai","Dost","Brown","Luke Dora","46959961826512923","523219663129","false"
"49093000000170708","49093000000013007","2026-06-28 13:58:59:373","2026-06-28 13:58:59:373","49093000000157340","CKQ-9779","49093000000164397","Mahindra","City","Red","Daksha Hegde","33689054365085721","074544855930","true"
"49093000000170709","49093000000013007","2026-06-28 13:58:59:373","2026-06-28 13:58:59:373","49093000000157342","898-RKNT","49093000000164400","Kia","Dost","Green","Ayushman Kuruvilla","57643153241668623","159078333011","false"
"49093000000170710","49093000000013007","2026-06-28 13:58:59:373","2026-06-28 13:58:59:373","49093000000157344","RE6 9989","49093000000164395","Hyundai","Scorpio","White","Diya Iyengar","09644470737628013","329017899172","false"
"49093000000170711","49093000000013007","2026-06-28 13:58:59:373","2026-06-28 13:58:59:373","49093000000157345","E04-62S","49093000000164397","Bajaj","City","Red","Tejas Sunder","60028621367908169","293360191938","false"
"49093000000170712","49093000000013007","2026-06-28 13:58:59:373","2026-06-28 13:58:59:373","49093000000157347","DZM-236","49093000000164394","Hyundai","City","Red","Azad Batra","73449181632636678","311350697242","true"
"49093000000170713","49093000000013007","2026-06-28 13:58:59:373","2026-06-28 13:58:59:373","49093000000157349","1V DQ110","49093000000164394","Tata","Pulsar","Grey","Aradhana Kapur","46700120165392876","601409900848","false"
"49093000000170714","49093000000013007","2026-06-28 13:58:59:373","2026-06-28 13:58:59:373","49093000000157350","KBZ-5204","49093000000164397","Kia","Dost","Red","Barkha Tripathi","85481448593817921","430898777239","true"
"49093000000170715","49093000000013007","2026-06-28 13:58:59:373","2026-06-28 13:58:59:373","49093000000157351","GFG0806","49093000000164398","Toyota","Apache","Brown","Hiral Krish","64035257681521545","834832844684","true"
"49093000000170716","49093000000013007","2026-06-28 13:58:59:373","2026-06-28 13:58:59:373","49093000000157352","547 EXG","49093000000164394","Bajaj","Nexon","Silver","Omisha Parikh","10243081051605277","087588191398","true"
"49093000000170717","49093000000013007","2026-06-28 13:58:59:373","2026-06-28 13:58:59:373","49093000000157355","9E 9903D","49093000000164397","Hyundai","Nexon","White","Rishi Chadha","51351442428625551","021793280382","true"
"49093000000170718","49093000000013007","2026-06-28 13:58:59:373","2026-06-28 13:58:59:373","49093000000157359","130QZ","49093000000164397","TVS","Dost","White","Andrew Varkey","31034036046599485","613923721968","true"
"49093000000170719","49093000000013007","2026-06-28 13:58:59:374","2026-06-28 13:58:59:374","49093000000157360","280WGG","49093000000164395","Ashok Leyland","Swift","Black","Baljiwan Rao","69127468440817000","806874190250","true"
"49093000000170720","49093000000013007","2026-06-28 13:58:59:374","2026-06-28 13:58:59:374","49093000000157361","GSC O72","49093000000164395","Toyota","Pulsar","Black","Michael Mander","08539310298867621","180738246465","true"
"49093000000170721","49093000000013007","2026-06-28 13:58:59:374","2026-06-28 13:58:59:374","49093000000157362","MDX 009","49093000000164391","Tata","Nexon","Brown","Kashvi Bal","03771339066924460","844015262851","false"
"49093000000170722","49093000000013007","2026-06-28 13:58:59:374","2026-06-28 13:58:59:374","49093000000157363","133S1","49093000000164399","Maruti Suzuki","Swift","Green","Jairaj Palan","19622738795956434","774024247669","true"
"49093000000170723","49093000000013007","2026-06-28 13:58:59:374","2026-06-28 13:58:59:374","49093000000157366","507RJC","49093000000164398","Mahindra","Dost","Grey","Radha Acharya","68760011340561110","596928979072","true"
"49093000000170724","49093000000013007","2026-06-28 13:58:59:374","2026-06-28 13:58:59:374","49093000000157368","B 634215","49093000000164392","Maruti Suzuki","Dost","Blue","Jack Kari","92141062741774103","497187766675","false"
"49093000000170725","49093000000013007","2026-06-28 13:58:59:374","2026-06-28 13:58:59:374","49093000000157369","814-135","49093000000164396","Kia","Seltos","White","Jason Handa","03836489586120945","373256368437","true"
"49093000000170726","49093000000013007","2026-06-28 13:58:59:374","2026-06-28 13:58:59:374","49093000000157370","121JD","49093000000164399","Maruti Suzuki","Seltos","White","Chanakya Sandal","33698957848342963","654605806705","false"
"49093000000170727","49093000000013007","2026-06-28 13:58:59:374","2026-06-28 13:58:59:374","49093000000157371","595 BKY","49093000000164398","TVS","Pulsar","Brown","Noah Kashyap","51826325951001878","332243065949","true"
"49093000000170728","49093000000013007","2026-06-28 13:58:59:374","2026-06-28 13:58:59:374","49093000000157372","12-5473C","49093000000164396","Bajaj","Creta","Brown","Wriddhish Bal","22148328614306533","534713205515","false"
"49093000000170729","49093000000013007","2026-06-28 13:58:59:374","2026-06-28 13:58:59:374","49093000000157373","TSE 352","49093000000164394","Bajaj","Creta","Silver","Geetika Khalsa","36553586567524345","778441677375","false"
"49093000000170730","49093000000013007","2026-06-28 13:58:59:374","2026-06-28 13:58:59:374","49093000000157374","UZN 230","49093000000164397","Maruti Suzuki","Nexon","White","Yagnesh Pai","51057554355079306","464104909208","true"
"49093000000170731","49093000000013007","2026-06-28 13:58:59:374","2026-06-28 13:58:59:374","49093000000157376","622F","49093000000164393","Toyota","Innova","Brown","Maanas Bhargava","82794717622259960","641486316114","true"
"49093000000170732","49093000000013007","2026-06-28 13:58:59:374","2026-06-28 13:58:59:374","49093000000157377","4OT7650","49093000000164399","Hyundai","Creta","Brown","Gunbir Sunder","19907066244545151","404734136042","true"
"49093000000170733","49093000000013007","2026-06-28 13:58:59:374","2026-06-28 13:58:59:374","49093000000157378","610 ULQ","49093000000164391","Bajaj","City","Blue","Bishakha Padmanabhan","75488846514232437","858203883374","false"
"49093000000170734","49093000000013007","2026-06-28 13:58:59:374","2026-06-28 13:58:59:374","49093000000157379","02CZ8","49093000000164399","Tata","City","Grey","Kai Sharaf","95922655135743668","220976718767","false"
"49093000000170735","49093000000013007","2026-06-28 13:58:59:374","2026-06-28 13:58:59:374","49093000000157380","773 ZNW","49093000000164400","Kia","Seltos","White","Jacob Subramaniam","24494234402158378","120712817465","false"
"49093000000170736","49093000000013007","2026-06-28 13:58:59:374","2026-06-28 13:58:59:374","49093000000157381","829U","49093000000164392","Kia","City","Red","Fariq Karpe","81989142219223726","945752064348","true"
"49093000000170737","49093000000013007","2026-06-28 13:58:59:374","2026-06-28 13:58:59:374","49093000000157384","450-PZH","49093000000164395","Mahindra","Innova","Grey","Tristan Rattan","17159938620231975","466365637743","true"
"49093000000170738","49093000000013007","2026-06-28 13:58:59:374","2026-06-28 13:58:59:374","49093000000157385","GGQ 878","49093000000164399","Tata","Apache","Blue","Qushi Sani","08625364945286921","924812510197","false"
"49093000000170739","49093000000013007","2026-06-28 13:58:59:375","2026-06-28 13:58:59:375","49093000000157386","3C 35164","49093000000164398","Bajaj","Pulsar","Brown","Suhani Gala","33320785652300328","717868574510","true"
"49093000000170740","49093000000013007","2026-06-28 13:58:59:375","2026-06-28 13:58:59:375","49093000000157387","POK-0114","49093000000164392","Toyota","Pulsar","Red","Qasim Sampath","06230846923648636","600424194096","true"
"49093000000170741","49093000000013007","2026-06-28 13:58:59:375","2026-06-28 13:58:59:375","49093000000157389","73-94814","49093000000164393","Mahindra","Nexon","Red","Chanakya Naik","61187528598131666","915029257537","true"
"49093000000170742","49093000000013007","2026-06-28 13:58:59:375","2026-06-28 13:58:59:375","49093000000157392","968 HGU","49093000000164393","Ashok Leyland","Dost","Silver","Faris Zachariah","63768708568723847","259804424528","false"
"49093000000170743","49093000000013007","2026-06-28 13:58:59:375","2026-06-28 13:58:59:375","49093000000157393","427-MCQ","49093000000164392","Honda","Creta","White","Pranav Om","10300373096196766","422761345664","true"
"49093000000170744","49093000000013007","2026-06-28 13:58:59:375","2026-06-28 13:58:59:375","49093000000157396","A57 2YJ","49093000000164399","Hyundai","Apache","Silver","Nilima Jhaveri","97866080628293670","893193471791","false"
"49093000000170745","49093000000013007","2026-06-28 13:58:59:375","2026-06-28 13:58:59:375","49093000000157398","US3 6392","49093000000164399","Honda","Nexon","Brown","Pooja Golla","55700867074928065","945620513660","true"
"49093000000170746","49093000000013007","2026-06-28 13:58:59:375","2026-06-28 13:58:59:375","49093000000157400","LEB 421","49093000000164395","Mahindra","Dost","Blue","Bakhshi Rau","30340760592275157","578492543756","true"
"49093000000170747","49093000000013007","2026-06-28 13:58:59:375","2026-06-28 13:58:59:375","49093000000157401","280 1MU","49093000000164394","Mahindra","Swift","Silver","Yatin Oak","95896069565670748","456107431024","false"
"49093000000170748","49093000000013007","2026-06-28 13:58:59:375","2026-06-28 13:58:59:375","49093000000157402","BJF3905","49093000000164391","Ashok Leyland","Seltos","Silver","Ekaja Nagi","39673106605729468","474628082925","false"
"49093000000170749","49093000000013007","2026-06-28 13:58:59:375","2026-06-28 13:58:59:375","49093000000157403","KSW 558","49093000000164398","Kia","Swift","Brown","Yatin Jain","24697505375173819","875900206554","true"
"49093000000170750","49093000000013007","2026-06-28 13:58:59:375","2026-06-28 13:58:59:375","49093000000157404","RNG-1602","49093000000164392","TVS","Seltos","Silver","Faraj Dugal","85462017463816370","729986033169","false"
"49093000000170751","49093000000013007","2026-06-28 13:58:59:375","2026-06-28 13:58:59:375","49093000000157405","211 OU3","49093000000164400","Toyota","Apache","Silver","Lopa Rao","37848686171227462","401913098230","false"
"49093000000170752","49093000000013007","2026-06-28 13:58:59:375","2026-06-28 13:58:59:375","49093000000157409","KFM 468","49093000000164391","Kia","Swift","Silver","Rachana Bala","21002607669383154","474881931546","true"
"49093000000170753","49093000000013007","2026-06-28 13:58:59:375","2026-06-28 13:58:59:375","49093000000157410","HM7 9397","49093000000164395","Kia","Swift","Black","Chandani Palla","00123328918871008","750580810258","true"
"49093000000170754","49093000000013007","2026-06-28 13:58:59:375","2026-06-28 13:58:59:375","49093000000157411","169 AKO","49093000000164395","Ashok Leyland","Dost","Green","Xiti Magar","05690489393629003","750195538851","false"
"49093000000170755","49093000000013007","2026-06-28 13:58:59:375","2026-06-28 13:58:59:375","49093000000157412","01-P762","49093000000164392","Mahindra","Seltos","Brown","Vamakshi Magar","96052022200418611","402179864875","true"
"49093000000170756","49093000000013007","2026-06-28 13:58:59:375","2026-06-28 13:58:59:375","49093000000157413","IUG-318","49093000000164391","Hyundai","Seltos","White","Vivaan Chaudhuri","23623829440682262","736489766149","true"
"49093000000170757","49093000000013007","2026-06-28 13:58:59:375","2026-06-28 13:58:59:375","49093000000157414","MED 175","49093000000164395","Honda","Innova","Black","Vasudha Kulkarni","80010281619110311","953408946336","true"
"49093000000170758","49093000000013007","2026-06-28 13:58:59:376","2026-06-28 13:58:59:376","49093000000157417","7209 HR","49093000000164396","Bajaj","Dost","Black","Parth Bose","38868471563774197","054700782911","true"
"49093000000170759","49093000000013007","2026-06-28 13:58:59:376","2026-06-28 13:58:59:376","49093000000157418","844-STC","49093000000164396","TVS","Pulsar","Brown","Bhavika Madan","09936840539734831","157479393668","true"
"49093000000170760","49093000000013007","2026-06-28 13:58:59:376","2026-06-28 13:58:59:376","49093000000157420","03X 210","49093000000164399","Mahindra","Dost","Blue","Zayyan Pau","34768803870515174","095803097747","false"
"49093000000170761","49093000000013007","2026-06-28 13:58:59:376","2026-06-28 13:58:59:376","49093000000157421","L01-HTM","49093000000164398","Tata","Seltos","White","Garima Bumb","45543271030681653","956185638683","false"
"49093000000170762","49093000000013007","2026-06-28 13:58:59:376","2026-06-28 13:58:59:376","49093000000157423","WWW1965","49093000000164392","Honda","Pulsar","Silver","Nathaniel Narayan","96982728187911219","702606381424","false"
"49093000000170763","49093000000013007","2026-06-28 13:58:59:376","2026-06-28 13:58:59:376","49093000000157424","8-34054","49093000000164398","Kia","Seltos","Brown","Tanveer Parekh","62932847552083401","797417224329","false"
"49093000000170764","49093000000013007","2026-06-28 13:58:59:376","2026-06-28 13:58:59:376","49093000000157425","NMS 039","49093000000164394","Bajaj","Seltos","Blue","Mahika Balan","74172741434274102","103931549325","true"
"49093000000170765","49093000000013007","2026-06-28 13:58:59:376","2026-06-28 13:58:59:376","49093000000157426","EFM-549","49093000000164394","TVS","Seltos","Green","Gautam Doctor","75259043002935275","824295376285","true"
"49093000000170766","49093000000013007","2026-06-28 13:58:59:376","2026-06-28 13:58:59:376","49093000000157427","4-0391A","49093000000164400","Honda","Swift","Grey","Arjun Deep","66108342758144756","753237666499","true"
"49093000000170767","49093000000013007","2026-06-28 13:58:59:376","2026-06-28 13:58:59:376","49093000000157428","700 5LQ","49093000000164399","Tata","Pulsar","Black","Advika Chacko","99273999540765366","209482001728","true"
"49093000000170768","49093000000013007","2026-06-28 13:58:59:376","2026-06-28 13:58:59:376","49093000000157430","9J 8884O","49093000000164400","Ashok Leyland","Innova","Black","Panini Ramakrishnan","90439984737735550","183749349680","false"
"49093000000170769","49093000000013007","2026-06-28 13:58:59:376","2026-06-28 13:58:59:376","49093000000157431","83-18017","49093000000164396","Honda","Nexon","Brown","Om Dugar","18077081686522325","506224603171","false"
"49093000000170770","49093000000013007","2026-06-28 13:58:59:376","2026-06-28 13:58:59:376","49093000000157433","BME-1644","49093000000164400","Tata","Nexon","Red","Eesha Iyer","87758689687152249","119897596126","true"
"49093000000170771","49093000000013007","2026-06-28 13:58:59:376","2026-06-28 13:58:59:376","49093000000157435","KRC 128","49093000000164397","Honda","Apache","Silver","Yug Salvi","52217349580565473","238455558639","false"
"49093000000170772","49093000000013007","2026-06-28 13:58:59:376","2026-06-28 13:58:59:376","49093000000157441","RQV-151","49093000000164397","Kia","Seltos","Blue","Bhavani Kulkarni","23095426599379733","984612520179","true"
"49093000000170773","49093000000013007","2026-06-28 13:58:59:376","2026-06-28 13:58:59:376","49093000000157442","235 GOP","49093000000164399","Hyundai","Dost","Brown","Chameli Malhotra","10368477657683691","068608075132","true"
"49093000000170774","49093000000013007","2026-06-28 13:58:59:376","2026-06-28 13:58:59:376","49093000000157445","8T 8816V","49093000000164393","Maruti Suzuki","Dost","Blue","Ishita Mitra","48714759477426529","930785899107","false"
"49093000000170775","49093000000013007","2026-06-28 13:58:59:376","2026-06-28 13:58:59:376","49093000000157446","WRI-0816","49093000000164396","Toyota","Creta","Grey","Elijah Samra","68300634634690347","416149330642","false"
"49093000000170776","49093000000013007","2026-06-28 13:58:59:376","2026-06-28 13:58:59:376","49093000000157447","FPR1620","49093000000164391","Maruti Suzuki","Scorpio","Green","Ekbal Tripathi","67883284474832585","443857140758","false"
"49093000000170777","49093000000013007","2026-06-28 13:58:59:376","2026-06-28 13:58:59:376","49093000000157448","0VMI 95","49093000000164398","Honda","City","Blue","Ronith Balay","27699962067712143","933889976650","true"
"49093000000170778","49093000000013007","2026-06-28 13:58:59:376","2026-06-28 13:58:59:376","49093000000157452","6AA 789","49093000000164399","Tata","Creta","Red","Yadavi Dhawan","33750677037436350","330993005887","true"
"49093000000170779","49093000000013007","2026-06-28 13:58:59:376","2026-06-28 13:58:59:376","49093000000157453","E64 0ES","49093000000164395","Toyota","Pulsar","Red","Yashoda Mittal","13945882887374401","152484627072","true"
"49093000000170780","49093000000013007","2026-06-28 13:58:59:376","2026-06-28 13:58:59:376","49093000000157454","VRR-9401","49093000000164400","Bajaj","Nexon","Grey","Hema Sinha","34571426860586541","181602036661","false"
"49093000000170781","49093000000013007","2026-06-28 13:58:59:377","2026-06-28 13:58:59:377","49093000000157455","4OV 516","49093000000164399","Mahindra","Apache","Green","Charvi Seth","97164153424605457","855668576152","false"
"49093000000170782","49093000000013007","2026-06-28 13:58:59:377","2026-06-28 13:58:59:377","49093000000157456","632 RRW","49093000000164398","TVS","Dost","Silver","Upadhriti Sehgal","01436815491189997","165381814614","false"
"49093000000170783","49093000000013007","2026-06-28 13:58:59:377","2026-06-28 13:58:59:377","49093000000157457","U54 7TU","49093000000164397","Hyundai","Scorpio","Black","Janaki Venkataraman","57952007599040000","222432668480","true"
"49093000000170784","49093000000013007","2026-06-28 13:58:59:377","2026-06-28 13:58:59:377","49093000000157462","28Y-DRZG","49093000000164393","Hyundai","Innova","Brown","Darika Vasa","81063615900003607","331644534043","true"
"49093000000170785","49093000000013007","2026-06-28 13:58:59:377","2026-06-28 13:58:59:377","49093000000157463","HPG 6032","49093000000164391","Tata","Creta","Green","Chanchal Luthra","62080459322194374","776820404597","true"
"49093000000170786","49093000000013007","2026-06-28 13:58:59:377","2026-06-28 13:58:59:377","49093000000157465","JJ-7312","49093000000164392","Hyundai","Swift","Green","Chandresh Krish","03807396649505539","092309674017","false"
"49093000000170787","49093000000013007","2026-06-28 13:58:59:377","2026-06-28 13:58:59:377","49093000000157467","OEA 166","49093000000164396","Mahindra","Nexon","Brown","Simon Reddy","43894213844509490","268206215866","true"
"49093000000170788","49093000000013007","2026-06-28 13:58:59:377","2026-06-28 13:58:59:377","49093000000157468","483 VY6","49093000000164395","Kia","Seltos","White","Udant Naidu","29489018815400820","562280037778","true"
"49093000000170789","49093000000013007","2026-06-28 13:58:59:377","2026-06-28 13:58:59:377","49093000000157474","356-MPEJ","49093000000164398","Bajaj","Apache","Brown","Vasatika Vohra","23804090022708605","483836469321","false"
"49093000000170790","49093000000013007","2026-06-28 13:58:59:377","2026-06-28 13:58:59:377","49093000000157476","9969 LP","49093000000164393","Hyundai","Dost","Green","Urmi Dasgupta","48114591379943149","732350226260","true"
"49093000000170791","49093000000013007","2026-06-28 13:58:59:377","2026-06-28 13:58:59:377","49093000000157477","2XA L72","49093000000164391","Honda","Swift","Black","Ubika Banik","22556287018307234","953772648140","false"
"49093000000170792","49093000000013007","2026-06-28 13:58:59:377","2026-06-28 13:58:59:377","49093000000157479","P54 8EC","49093000000164396","Honda","Creta","Green","Victor Uppal","69916229140726647","889807742354","true"
"49093000000170793","49093000000013007","2026-06-28 13:58:59:377","2026-06-28 13:58:59:377","49093000000157482","883-TRU","49093000000164399","Honda","Pulsar","Blue","Saumya Srinivas","46618553390495506","350530884882","true"
"49093000000170794","49093000000013007","2026-06-28 13:58:59:377","2026-06-28 13:58:59:377","49093000000157485","6GT 279","49093000000164391","Ashok Leyland","Seltos","Green","Krish Dayal","58537633387016590","381661820946","false"
"49093000000170795","49093000000013007","2026-06-28 13:58:59:377","2026-06-28 13:58:59:377","49093000000157490","562-IYY","49093000000164400","Toyota","Creta","Blue","Frado Ghose","66437552056774363","964907704595","false"
"49093000000170796","49093000000013007","2026-06-28 13:58:59:377","2026-06-28 13:58:59:377","49093000000157493","LRC-748","49093000000164393","Maruti Suzuki","Creta","Grey","Pushti Dara","84554945544625291","392791150785","false"
"49093000000170797","49093000000013007","2026-06-28 13:58:59:377","2026-06-28 13:58:59:377","49093000000157495","0-2244E","49093000000164392","Ashok Leyland","Innova","Red","Netra Chanda","22189537695944149","406460163966","true"
"49093000000170798","49093000000013007","2026-06-28 13:58:59:377","2026-06-28 13:58:59:377","49093000000157497","29SO7","49093000000164398","Hyundai","Nexon","Black","Jagdish Mammen","93696430147899757","010902314057","false"
"49093000000170799","49093000000013007","2026-06-28 13:58:59:377","2026-06-28 13:58:59:377","49093000000157499","72-1886O","49093000000164399","Mahindra","Dost","Red","Yashoda Mittal","65113758935078041","777675362309","false"
"49093000000170800","49093000000013007","2026-06-28 13:58:59:377","2026-06-28 13:58:59:377","49093000000157501","4Z H5017","49093000000164392","TVS","Seltos","Brown","Priya Bakshi","14729056051951105","329416410934","false"
"49093000000170801","49093000000013007","2026-06-28 13:58:59:377","2026-06-28 13:58:59:377","49093000000157502","EIP7669","49093000000164395","Mahindra","Apache","Green","Victor Bath","97258611763682956","009668562371","false"
"49093000000170802","49093000000013007","2026-06-28 13:58:59:377","2026-06-28 13:58:59:377","49093000000157503","09CT9","49093000000164398","Kia","Pulsar","Red","Charles Din","83372702397600092","760576265527","false"
"49093000000170803","49093000000013007","2026-06-28 13:58:59:377","2026-06-28 13:58:59:377","49093000000157504","MEN 448","49093000000164395","Mahindra","Scorpio","Green","Samesh Cherian","65610200046030859","254590073485","true"
"49093000000170804","49093000000013007","2026-06-28 13:58:59:377","2026-06-28 13:58:59:377","49093000000157505","241 ZSJ","49093000000164399","Mahindra","Scorpio","White","Hema Agarwal","71126209890436423","979022794010","false"
"49093000000170805","49093000000013007","2026-06-28 13:58:59:377","2026-06-28 13:58:59:377","49093000000157506","090E2","49093000000164393","Bajaj","Seltos","Grey","Mitesh Minhas","59847190111655134","615926991486","false"
"49093000000170806","49093000000013007","2026-06-28 13:58:59:377","2026-06-28 13:58:59:377","49093000000157507","9A-PUAG","49093000000164393","Toyota","Nexon","Black","Janani Anne","39613538380268480","599516506137","true"
"49093000000170807","49093000000013007","2026-06-28 13:58:59:377","2026-06-28 13:58:59:377","49093000000157508","NTZ 183","49093000000164392","Mahindra","Apache","Silver","Laksh Kulkarni","36041124263198181","497089120865","true"
"49093000000170808","49093000000013007","2026-06-28 13:58:59:377","2026-06-28 13:58:59:377","49093000000157509","40B PU7","49093000000164393","Toyota","Nexon","Brown","Ikbal Dada","74573950757437344","428129705273","true"
"49093000000170809","49093000000013007","2026-06-28 13:58:59:377","2026-06-28 13:58:59:377","49093000000157513","104 FM7","49093000000164394","Toyota","Innova","Blue","Chandani Karnik","34239119980302907","004120823664","false"
"49093000000170810","49093000000013007","2026-06-28 13:58:59:378","2026-06-28 13:58:59:378","49093000000157515","958 UCV","49093000000164393","Kia","Innova","Green","Yashasvi Walla","09026880136710282","657118515105","false"
"49093000000170811","49093000000013007","2026-06-28 13:58:59:378","2026-06-28 13:58:59:378","49093000000157516","IR8 Y8Q","49093000000164400","Bajaj","Pulsar","Black","Vasana Dash","58932905309439403","217168796906","true"
"49093000000170812","49093000000013007","2026-06-28 13:58:59:378","2026-06-28 13:58:59:378","49093000000157517","704 SQD","49093000000164391","Kia","Creta","Black","Aarav Vasa","21989576066894107","202459072565","true"
"49093000000170813","49093000000013007","2026-06-28 13:58:59:378","2026-06-28 13:58:59:378","49093000000157518","944 TXN","49093000000164397","Maruti Suzuki","Scorpio","Brown","Yauvani Vasa","88437290897885759","705887514638","false"
"49093000000170814","49093000000013007","2026-06-28 13:58:59:378","2026-06-28 13:58:59:378","49093000000157519","46E 398","49093000000164395","TVS","Nexon","Red","Faqid Sarkar","95367754634899610","091836200390","false"
"49093000000170815","49093000000013007","2026-06-28 13:58:59:378","2026-06-28 13:58:59:378","49093000000157520","8GH 503","49093000000164400","Honda","Creta","Brown","Gauri Raghavan","64418802949605492","776704965987","true"
"49093000000170816","49093000000013007","2026-06-28 13:58:59:378","2026-06-28 13:58:59:378","49093000000157521","8MZ7737","49093000000164395","TVS","Swift","Blue","Reyansh Chada","29660365405833252","574093792260","true"
"49093000000170817","49093000000013007","2026-06-28 13:58:59:378","2026-06-28 13:58:59:378","49093000000157522","237 XGI","49093000000164394","Maruti Suzuki","Nexon","Silver","Adweta Srinivasan","40228889342868447","401874874365","false"
"49093000000170818","49093000000013007","2026-06-28 13:58:59:378","2026-06-28 13:58:59:378","49093000000157524","YOX6445","49093000000164396","Toyota","Apache","Brown","Ansh Sridhar","94427702942771031","677681009236","true"
"49093000000170819","49093000000013007","2026-06-28 13:58:59:378","2026-06-28 13:58:59:378","49093000000157528","9B V7220","49093000000164394","Mahindra","Apache","Black","Arya Soman","27094839764969444","527397314256","true"
"49093000000170820","49093000000013007","2026-06-28 13:58:59:378","2026-06-28 13:58:59:378","49093000000157529","623JCE","49093000000164399","Toyota","Nexon","Grey","Henry Basu","22432486765381156","830524151673","false"
"49093000000170821","49093000000013007","2026-06-28 13:58:59:378","2026-06-28 13:58:59:378","49093000000157534","05-KW31","49093000000164391","TVS","Pulsar","White","Udarsh Shroff","26106380681913723","221562829693","false"
"49093000000170822","49093000000013007","2026-06-28 13:58:59:378","2026-06-28 13:58:59:378","49093000000157536","IT9 D8E","49093000000164391","Bajaj","Innova","White","Sara Hayer","54251085742579609","699284069927","false"
"49093000000170823","49093000000013007","2026-06-28 13:58:59:378","2026-06-28 13:58:59:378","49093000000157538","ZZH 719","49093000000164399","Mahindra","Nexon","White","Saksham Dhawan","98183734025895395","729235964688","false"
"49093000000170824","49093000000013007","2026-06-28 13:58:59:378","2026-06-28 13:58:59:378","49093000000157539","583 6UU","49093000000164397","Kia","City","Silver","Udyati Atwal","77798220162864717","369459301250","false"
"49093000000170825","49093000000013007","2026-06-28 13:58:59:378","2026-06-28 13:58:59:378","49093000000157540","829AON","49093000000164394","Maruti Suzuki","Pulsar","Brown","Urvi Saran","04891026124110786","966345595415","true"
"49093000000170826","49093000000013007","2026-06-28 13:58:59:378","2026-06-28 13:58:59:378","49093000000157541","CT4 J7D","49093000000164400","Maruti Suzuki","Innova","White","Aadi Keer","76239623783285150","502231770746","false"
"49093000000170827","49093000000013007","2026-06-28 13:58:59:378","2026-06-28 13:58:59:378","49093000000157545","6-82112W","49093000000164398","TVS","Swift","White","Ira Prabhakar","55134524069684218","694584913912","false"
"49093000000170828","49093000000013007","2026-06-28 13:58:59:378","2026-06-28 13:58:59:378","49093000000157546","NV 59674","49093000000164394","TVS","Seltos","Green","Tejas Kalla","19207985132738821","376726232612","true"
"49093000000170829","49093000000013007","2026-06-28 13:58:59:378","2026-06-28 13:58:59:378","49093000000157549","OI-3644","49093000000164399","TVS","Dost","Brown","Gautami Palla","52307317401296463","220641746033","false"
"49093000000170830","49093000000013007","2026-06-28 13:58:59:378","2026-06-28 13:58:59:378","49093000000157551","1OJ9901","49093000000164393","Maruti Suzuki","Innova","Silver","Peter Buch","21525563531192960","620423852026","false"
"49093000000170831","49093000000013007","2026-06-28 13:58:59:378","2026-06-28 13:58:59:378","49093000000157552","898792","49093000000164400","Tata","Apache","Black","Azaan Malhotra","17379044099779756","240170249879","true"
"49093000000170832","49093000000013007","2026-06-28 13:58:59:379","2026-06-28 13:58:59:379","49093000000157555","0-77684R","49093000000164396","Honda","City","Red","Tanish Khalsa","41529603529705352","772395007388","false"
"49093000000170833","49093000000013007","2026-06-28 13:58:59:379","2026-06-28 13:58:59:379","49093000000157561","898-VJU","49093000000164391","Ashok Leyland","Seltos","Blue","Ijaya Yadav","37297550178809540","217889480763","true"
"49093000000170834","49093000000013007","2026-06-28 13:58:59:379","2026-06-28 13:58:59:379","49093000000157562","428IGB","49093000000164397","Kia","Creta","Grey","Lila Dhar","05168447629098958","264953676891","false"
"49093000000170835","49093000000013007","2026-06-28 13:58:59:379","2026-06-28 13:58:59:379","49093000000157563","JMQ7000","49093000000164400","Kia","Creta","Silver","Sarthak Bhagat","76069621745711179","745308659670","false"
"49093000000170836","49093000000013007","2026-06-28 13:58:59:379","2026-06-28 13:58:59:379","49093000000157566","42JN3","49093000000164393","Hyundai","Nexon","Green","Girik Ramesh","02021341656640816","394622358675","true"
"49093000000170837","49093000000013007","2026-06-28 13:58:59:379","2026-06-28 13:58:59:379","49093000000157568","71X ZK3","49093000000164399","Bajaj","Scorpio","Brown","Kai Parsa","49743890918983969","159726142609","false"
"49093000000170838","49093000000013007","2026-06-28 13:58:59:379","2026-06-28 13:58:59:379","49093000000157569","13E-DUVD","49093000000164391","Ashok Leyland","City","Silver","Devika Wagle","18788771826960585","031581715788","false"
"49093000000170839","49093000000013007","2026-06-28 13:58:59:379","2026-06-28 13:58:59:379","49093000000157571","2AH5172","49093000000164395","Honda","Innova","Red","Yashasvi Pai","56349707844265138","473867959893","false"
"49093000000170840","49093000000013007","2026-06-28 13:58:59:379","2026-06-28 13:58:59:379","49093000000157575","QTL 498","49093000000164394","Bajaj","Innova","Red","Samarth Ganesh","90591395407056868","935165295835","true"
"49093000000170841","49093000000013007","2026-06-28 13:58:59:379","2026-06-28 13:58:59:379","49093000000157576","128397","49093000000164392","Bajaj","Swift","Green","Hiral Chawla","57944657769465955","959077398683","false"
"49093000000170842","49093000000013007","2026-06-28 13:58:59:379","2026-06-28 13:58:59:379","49093000000157577","943 JLN","49093000000164397","Tata","Creta","White","Girik Narain","56544932863297044","601226519536","false"
"49093000000170843","49093000000013007","2026-06-28 13:58:59:379","2026-06-28 13:58:59:379","49093000000157580","64Y•658","49093000000164391","Hyundai","Seltos","Brown","Hema Pillai","65251616793954515","198065048313","true"
"49093000000170844","49093000000013007","2026-06-28 13:58:59:379","2026-06-28 13:58:59:379","49093000000157581","N92 1JX","49093000000164399","Hyundai","Innova","Blue","Sai Pau","86366334264923629","242016792605","false"
"49093000000170845","49093000000013007","2026-06-28 13:58:59:379","2026-06-28 13:58:59:379","49093000000157583","KVB 892","49093000000164391","Hyundai","Seltos","Silver","Rayaan Mohanty","51695121001118877","499768578708","false"
"49093000000170846","49093000000013007","2026-06-28 13:58:59:379","2026-06-28 13:58:59:379","49093000000157584","WXK-4130","49093000000164397","Bajaj","Dost","Brown","Nilima Patla","03278757782129067","832214884550","true"
"49093000000170847","49093000000013007","2026-06-28 13:58:59:379","2026-06-28 13:58:59:379","49093000000157585","HJH 406","49093000000164392","Maruti Suzuki","Seltos","Grey","Utkarsh Rattan","39849146376519875","092677088178","true"
"49093000000170848","49093000000013007","2026-06-28 13:58:59:379","2026-06-28 13:58:59:379","49093000000157586","09B 850","49093000000164393","Mahindra","Swift","White","Manan Batra","76717715025709243","286782552554","true"
"49093000000170849","49093000000013007","2026-06-28 13:58:59:379","2026-06-28 13:58:59:379","49093000000157588","1BB 994","49093000000164393","Mahindra","Creta","Grey","Krishna Prashad","05064408643114822","736621527396","false"
"49093000000170850","49093000000013007","2026-06-28 13:58:59:379","2026-06-28 13:58:59:379","49093000000157589","6-8007R","49093000000164395","Hyundai","Innova","Grey","Jagat Das","77759921355910644","283639120042","false"
"49093000000170851","49093000000013007","2026-06-28 13:58:59:379","2026-06-28 13:58:59:379","49093000000157590","706 YGX","49093000000164399","Toyota","Creta","Blue","Rushil Khalsa","30619682510238576","856314168613","true"
"49093000000170852","49093000000013007","2026-06-28 13:58:59:379","2026-06-28 13:58:59:379","49093000000157592","300 HFB","49093000000164394","Ashok Leyland","Scorpio","Brown","Shivansh Modi","48952424720710972","022443216435","true"
"49093000000170853","49093000000013007","2026-06-28 13:58:59:379","2026-06-28 13:58:59:379","49093000000157593","7Q 85806","49093000000164400","TVS","Scorpio","Grey","Qushi Naidu","03059411080319055","562966506622","false"
"49093000000170854","49093000000013007","2026-06-28 13:58:59:379","2026-06-28 13:58:59:379","49093000000157594","M61 0XX","49093000000164399","TVS","Nexon","Grey","Panini Dhar","07658089484740863","083990513786","false"
"49093000000170855","49093000000013007","2026-06-28 13:58:59:379","2026-06-28 13:58:59:379","49093000000157596","1JX4449","49093000000164397","Bajaj","Scorpio","White","Isaac Gala","69521692301797687","104838863179","true"
"49093000000170856","49093000000013007","2026-06-28 13:58:59:380","2026-06-28 13:58:59:380","49093000000157597","GFW-397","49093000000164395","Maruti Suzuki","Scorpio","Red","Darsh Amble","75096128020640214","284610521172","false"
"49093000000170857","49093000000013007","2026-06-28 13:58:59:380","2026-06-28 13:58:59:380","49093000000157598","99Z-NETZ","49093000000164399","Honda","Apache","Green","Ucchal Purohit","15552070591047489","203225444048","true"
"49093000000170858","49093000000013007","2026-06-28 13:58:59:380","2026-06-28 13:58:59:380","49093000000157599","880 4244","49093000000164398","Hyundai","Swift","Blue","Eiravati Parikh","07119769071595986","915395690682","true"
"49093000000170859","49093000000013007","2026-06-28 13:58:59:380","2026-06-28 13:58:59:380","49093000000157602","956 8645","49093000000164393","Hyundai","City","Blue","Jackson Salvi","40795656123646624","888331460046","true"
"49093000000170860","49093000000013007","2026-06-28 13:58:59:380","2026-06-28 13:58:59:380","49093000000157603","168 IE4","49093000000164400","Mahindra","Innova","Green","Vedhika Wable","59976254332857251","140477221838","false"
"49093000000170861","49093000000013007","2026-06-28 13:58:59:380","2026-06-28 13:58:59:380","49093000000157604","DQX 956","49093000000164399","Hyundai","Apache","Grey","Advika Dua","33367560061400660","861092443737","true"
"49093000000170862","49093000000013007","2026-06-28 13:58:59:380","2026-06-28 13:58:59:380","49093000000157605","G81-QRS","49093000000164395","Tata","Innova","Blue","Kala Behl","33477120374944593","879764963830","true"
"49093000000170863","49093000000013007","2026-06-28 13:58:59:380","2026-06-28 13:58:59:380","49093000000157608","OEO-2777","49093000000164399","Kia","Scorpio","White","Vivaan Dugar","49008285575458207","550843270619","false"
"49093000000170864","49093000000013007","2026-06-28 13:58:59:380","2026-06-28 13:58:59:380","49093000000157611","47-77316","49093000000164392","Tata","Pulsar","Silver","Hiral Panchal","82299543199896836","200321506033","true"
"49093000000170865","49093000000013007","2026-06-28 13:58:59:380","2026-06-28 13:58:59:380","49093000000157613","845CES","49093000000164392","Honda","Scorpio","Green","Viraj Viswanathan","16959506331472062","947069085685","false"
"49093000000170866","49093000000013007","2026-06-28 13:58:59:380","2026-06-28 13:58:59:380","49093000000157615","295 ETA","49093000000164398","Maruti Suzuki","Seltos","Blue","Jackson Dora","00775079501338646","078543347468","false"
"49093000000170867","49093000000013007","2026-06-28 13:58:59:380","2026-06-28 13:58:59:380","49093000000157618","852-141","49093000000164393","Ashok Leyland","Creta","Silver","Vrishti Basu","79097671401116214","742624707904","false"
"49093000000170868","49093000000013007","2026-06-28 13:58:59:380","2026-06-28 13:58:59:380","49093000000157621","74M H81","49093000000164394","Hyundai","Creta","White","Indira Thakkar","76487505920046668","107239067096","false"
"49093000000170869","49093000000013007","2026-06-28 13:58:59:380","2026-06-28 13:58:59:380","49093000000157622","717 MUR","49093000000164394","Tata","City","Blue","Damyanti Majumdar","43239298478834008","384104651680","true"
"49093000000170870","49093000000013007","2026-06-28 13:58:59:380","2026-06-28 13:58:59:380","49093000000157625","468 FZU","49093000000164395","TVS","Dost","Silver","Urvashi Das","22263637329887375","635486023091","true"
"49093000000170871","49093000000013007","2026-06-28 13:58:59:380","2026-06-28 13:58:59:380","49093000000157626","HZQ 680","49093000000164399","Bajaj","Creta","Black","Ridhi Chopra","15717465900750202","494758306955","false"
"49093000000170872","49093000000013007","2026-06-28 13:58:59:380","2026-06-28 13:58:59:380","49093000000157630","KRS 753","49093000000164394","Hyundai","Innova","Silver","Parth Upadhyay","79153169154134136","563909494548","true"
"49093000000170873","49093000000013007","2026-06-28 13:58:59:380","2026-06-28 13:58:59:380","49093000000157631","12H NO8","49093000000164397","TVS","Seltos","Grey","Tripti Sandhu","25557369552746118","654961103265","false"
"49093000000170874","49093000000013007","2026-06-28 13:58:59:380","2026-06-28 13:58:59:380","49093000000157633","4M YG128","49093000000164394","Honda","City","Brown","Neelima Gupta","98502516066643459","003026900212","false"
"49093000000170875","49093000000013007","2026-06-28 13:58:59:380","2026-06-28 13:58:59:380","49093000000157635","D85 7EN","49093000000164394","Honda","Pulsar","Brown","Nakul Varma","91174813217433524","140839934615","false"
"49093000000170876","49093000000013007","2026-06-28 13:58:59:380","2026-06-28 13:58:59:380","49093000000157636","WYK W07","49093000000164392","Maruti Suzuki","Dost","Black","Aarini Pingle","28014214371616648","509064120467","true"
"49093000000170877","49093000000013007","2026-06-28 13:58:59:380","2026-06-28 13:58:59:380","49093000000157638","E02-32B","49093000000164396","Hyundai","Apache","Grey","Balvan Koshy","39659744220166934","846307229856","true"
"49093000000170878","49093000000013007","2026-06-28 13:58:59:380","2026-06-28 13:58:59:380","49093000000157639","079-XSP","49093000000164392","Toyota","Scorpio","Green","Vrinda Baral","93695384616611520","588441279991","false"
"49093000000170879","49093000000013007","2026-06-28 13:58:59:381","2026-06-28 13:58:59:381","49093000000157642","973 ZZZ","49093000000164398","Honda","Pulsar","Green","Gaurika Bhatt","25432957735212588","044689009455","false"
"49093000000170880","49093000000013007","2026-06-28 13:58:59:381","2026-06-28 13:58:59:381","49093000000157643","3HL B79","49093000000164398","Kia","City","Red","Arunima Panchal","49804909905502335","743541258726","true"
"49093000000170881","49093000000013007","2026-06-28 13:58:59:381","2026-06-28 13:58:59:381","49093000000157644","6-0389H","49093000000164395","Maruti Suzuki","Nexon","Brown","Yatin Ravi","29431526892472892","877121545599","false"
"49093000000170882","49093000000013007","2026-06-28 13:58:59:381","2026-06-28 13:58:59:381","49093000000157647","3M 7U4LHT","49093000000164391","Maruti Suzuki","Nexon","Brown","Abeer Sen","61440590642681218","567372317853","true"
"49093000000170883","49093000000013007","2026-06-28 13:58:59:381","2026-06-28 13:58:59:381","49093000000157652","GCT-6673","49093000000164398","Kia","Innova","Red","Bakhshi Narula","23494354664507834","671079309397","false"
"49093000000170884","49093000000013007","2026-06-28 13:58:59:381","2026-06-28 13:58:59:381","49093000000157653","AC1 F7L","49093000000164396","Kia","Seltos","Brown","Yashvi Nayak","52738127003685263","493896839648","true"
"49093000000170885","49093000000013007","2026-06-28 13:58:59:381","2026-06-28 13:58:59:381","49093000000157654","QJI 692","49093000000164392","Toyota","Pulsar","Red","Wahab Sarkar","76788890639344364","279383408475","true"
"49093000000170886","49093000000013007","2026-06-28 13:58:59:381","2026-06-28 13:58:59:381","49093000000157655","208 7UM","49093000000164396","Hyundai","City","Green","Girik Devan","22300153930216773","205418594079","false"
"49093000000170887","49093000000013007","2026-06-28 13:58:59:381","2026-06-28 13:58:59:381","49093000000157657","ZMN 313","49093000000164395","Hyundai","Innova","Blue","Zehaan Soni","91446152858122682","168355143761","false"
"49093000000170888","49093000000013007","2026-06-28 13:58:59:381","2026-06-28 13:58:59:381","49093000000157659","DMS-944","49093000000164394","Mahindra","Creta","Green","Sai Devi","30920813187030929","164917143438","false"
"49093000000170889","49093000000013007","2026-06-28 13:58:59:381","2026-06-28 13:58:59:381","49093000000157661","1MP 758","49093000000164396","Toyota","Scorpio","Brown","Rohan Borra","88532135642703676","614976992431","true"
"49093000000170890","49093000000013007","2026-06-28 13:58:59:381","2026-06-28 13:58:59:381","49093000000157663","4ZI 206","49093000000164394","Bajaj","Swift","Black","Amol Kata","72984452461214022","116591875658","true"
"49093000000170891","49093000000013007","2026-06-28 13:58:59:381","2026-06-28 13:58:59:381","49093000000157666","OZE 248","49093000000164396","Maruti Suzuki","Dost","Silver","Kabir Wadhwa","84925753858324063","299652471240","true"
"49093000000170892","49093000000013007","2026-06-28 13:58:59:381","2026-06-28 13:58:59:381","49093000000157671","XN 18875","49093000000164399","Honda","Creta","Grey","Jackson Raju","58571842588798676","229040544894","false"
"49093000000170893","49093000000013007","2026-06-28 13:58:59:381","2026-06-28 13:58:59:381","49093000000157672","1OV93","49093000000164395","Maruti Suzuki","Nexon","Silver","Amaira Manda","71415387341602028","605007193708","true"
"49093000000170894","49093000000013007","2026-06-28 13:58:59:381","2026-06-28 13:58:59:381","49093000000157673","511 SGS","49093000000164393","Bajaj","Swift","Grey","Udarsh Zachariah","81668395851477965","539192423080","true"
"49093000000170895","49093000000013007","2026-06-28 13:58:59:381","2026-06-28 13:58:59:381","49093000000157674","152 CLP","49093000000164399","Ashok Leyland","Dost","Black","Frederick Kannan","68375613085126044","732121612086","false"
"49093000000170896","49093000000013007","2026-06-28 13:58:59:381","2026-06-28 13:58:59:381","49093000000157675","H39 8OA","49093000000164395","Honda","Innova","Green","Jeremiah Bawa","58905638854392107","008724981325","false"
"49093000000170897","49093000000013007","2026-06-28 13:58:59:381","2026-06-28 13:58:59:381","49093000000157676","5FK9976","49093000000164395","Kia","Nexon","Green","Vedika Luthra","40140440230109317","996123411265","true"
"49093000000170898","49093000000013007","2026-06-28 13:58:59:381","2026-06-28 13:58:59:381","49093000000157677","8FJ3809","49093000000164394","Hyundai","Creta","Green","Irya Bobal","60117353335400837","310789279577","false"
"49093000000170899","49093000000013007","2026-06-28 13:58:59:381","2026-06-28 13:58:59:381","49093000000157680","RPA-7021","49093000000164399","Ashok Leyland","Nexon","Brown","Nitara Johal","48342016016309319","455913052933","false"
"49093000000170900","49093000000013007","2026-06-28 13:58:59:381","2026-06-28 13:58:59:381","49093000000157681","18-KU48","49093000000164394","Ashok Leyland","Nexon","Brown","Guneet Anand","66027092750910885","956196142809","true"
"49093000000170901","49093000000013007","2026-06-28 13:58:59:381","2026-06-28 13:58:59:381","49093000000157682","UR-7744","49093000000164393","Hyundai","Apache","Blue","Jackson Purohit","98730025249394540","968385221636","false"
"49093000000170902","49093000000013007","2026-06-28 13:58:59:381","2026-06-28 13:58:59:381","49093000000157685","2L 60260","49093000000164394","Tata","Pulsar","Grey","Bhavika Thakur","28817241080317689","055646724955","true"
"49093000000170903","49093000000013007","2026-06-28 13:58:59:381","2026-06-28 13:58:59:381","49093000000157686","ZQS 797","49093000000164396","Tata","Pulsar","White","Faras Soman","13378459801450166","198010806175","true"
"49093000000170904","49093000000013007","2026-06-28 13:58:59:381","2026-06-28 13:58:59:381","49093000000157688","266-CFZ","49093000000164400","Mahindra","Innova","Brown","Aarini Shenoy","52586393759492164","452600264805","false"
"49093000000170905","49093000000013007","2026-06-28 13:58:59:381","2026-06-28 13:58:59:381","49093000000157692","397R","49093000000164397","Tata","City","Silver","Vritti Muni","10038102649675475","633346499120","false"
"49093000000170906","49093000000013007","2026-06-28 13:58:59:381","2026-06-28 13:58:59:381","49093000000157693","253 UQV","49093000000164393","Ashok Leyland","Innova","Silver","Kamala Tata","52141217067509118","518214561141","true"
"49093000000170907","49093000000013007","2026-06-28 13:58:59:382","2026-06-28 13:58:59:382","49093000000157694","2242","49093000000164399","TVS","Seltos","Brown","Mahika Lala","42199740481872431","371193045697","true"
"49093000000170908","49093000000013007","2026-06-28 13:58:59:382","2026-06-28 13:58:59:382","49093000000157695","461MN","49093000000164397","Toyota","Dost","White","Faras Baria","73197733735486375","356209182839","false"
"49093000000170909","49093000000013007","2026-06-28 13:58:59:382","2026-06-28 13:58:59:382","49093000000157697","289121","49093000000164399","TVS","Scorpio","Brown","Balvan Dhaliwal","04563113036582415","060566519216","true"
"49093000000170910","49093000000013007","2026-06-28 13:58:59:382","2026-06-28 13:58:59:382","49093000000157698","XKH-7501","49093000000164396","Honda","City","Blue","Inaya Toor","47817414225805459","020430288058","false"
"49093000000170911","49093000000013007","2026-06-28 13:58:59:382","2026-06-28 13:58:59:382","49093000000157699","J43 0CA","49093000000164395","Honda","Apache","White","Hamsini Kibe","21575857058519772","193836871363","false"
"49093000000170912","49093000000013007","2026-06-28 13:58:59:382","2026-06-28 13:58:59:382","49093000000157700","944-818","49093000000164393","Hyundai","Swift","Blue","Anika Lall","46502443748657793","852857735955","true"
"49093000000170913","49093000000013007","2026-06-28 13:58:59:382","2026-06-28 13:58:59:382","49093000000157701","66E R51","49093000000164394","Ashok Leyland","Pulsar","White","Hitesh Devan","88711169380682090","316396872361","false"
"49093000000170914","49093000000013007","2026-06-28 13:58:59:382","2026-06-28 13:58:59:382","49093000000157703","J73 2XV","49093000000164395","Toyota","Dost","Red","Janaki Lala","44152585088788956","535757860118","true"
"49093000000170915","49093000000013007","2026-06-28 13:58:59:382","2026-06-28 13:58:59:382","49093000000157706","RZU 160","49093000000164394","Bajaj","Seltos","Silver","Meghana Solanki","55776808635093396","134266653155","false"
"49093000000170916","49093000000013007","2026-06-28 13:58:59:382","2026-06-28 13:58:59:382","49093000000157707","U 189727","49093000000164391","TVS","Creta","Red","Chandani Tandon","27583177191546370","110272126213","false"
"49093000000170917","49093000000013007","2026-06-28 13:58:59:382","2026-06-28 13:58:59:382","49093000000157708","G 428789","49093000000164393","Maruti Suzuki","Seltos","Black","Urvi Warrior","99036284708442163","568572923631","true"
"49093000000170918","49093000000013007","2026-06-28 13:58:59:382","2026-06-28 13:58:59:382","49093000000157710","252-PPH","49093000000164391","Hyundai","Scorpio","Blue","Zayan Sarin","28333047407829037","819083297273","false"
"49093000000170919","49093000000013007","2026-06-28 13:58:59:382","2026-06-28 13:58:59:382","49093000000157711","QB 49603","49093000000164396","Toyota","City","Green","Harinakshi Tailor","95552336092121603","706395869956","false"
"49093000000170920","49093000000013007","2026-06-28 13:58:59:382","2026-06-28 13:58:59:382","49093000000157712","746-HSR","49093000000164393","Mahindra","Dost","White","Pushti Bumb","23470342594530941","425507771039","true"
"49093000000170921","49093000000013007","2026-06-28 13:58:59:382","2026-06-28 13:58:59:382","49093000000157715","870 1000","49093000000164397","Hyundai","Creta","Black","Praneel Khurana","64511888978439399","914979791863","true"
"49093000000170922","49093000000013007","2026-06-28 13:58:59:382","2026-06-28 13:58:59:382","49093000000157718","2FA 815","49093000000164392","Ashok Leyland","Dost","Black","Yasti Badal","68237640481331240","227370834476","false"
"49093000000170923","49093000000013007","2026-06-28 13:58:59:382","2026-06-28 13:58:59:382","49093000000157720","089 3642","49093000000164400","Maruti Suzuki","Seltos","Red","Ronith Sastry","64613727301643778","937597332485","false"
"49093000000170924","49093000000013007","2026-06-28 13:58:59:382","2026-06-28 13:58:59:382","49093000000157721","82G•246","49093000000164395","Bajaj","Pulsar","Grey","Vincent Jani","01403602254969238","380445495020","true"
"49093000000170925","49093000000013007","2026-06-28 13:58:59:382","2026-06-28 13:58:59:382","49093000000157723","KBO 437","49093000000164399","Toyota","Swift","Grey","Jagdish Prabhu","77526035805938056","282483554760","true"
"49093000000170926","49093000000013007","2026-06-28 13:58:59:382","2026-06-28 13:58:59:382","49093000000157724","CUC 336","49093000000164395","Bajaj","Scorpio","Grey","Ikbal Murty","15654240712934976","893955715096","false"
"49093000000170927","49093000000013007","2026-06-28 13:58:59:382","2026-06-28 13:58:59:382","49093000000157725","JEG Z52","49093000000164397","Hyundai","City","Red","Rohan Shah","03685607346543650","290901338090","false"
"49093000000170928","49093000000013007","2026-06-28 13:58:59:382","2026-06-28 13:58:59:382","49093000000157730","8Q977","49093000000164392","Tata","Apache","Silver","Hemang More","87484639442074150","822802189480","true"
"49093000000170929","49093000000013007","2026-06-28 13:58:59:382","2026-06-28 13:58:59:382","49093000000157731","9-79273","49093000000164397","Maruti Suzuki","Pulsar","Silver","Sanya Yadav","86758113502688994","531459083156","false"
"49093000000170930","49093000000013007","2026-06-28 13:58:59:382","2026-06-28 13:58:59:382","49093000000157732","HDF 228","49093000000164400","Honda","Innova","White","Maanas Bala","14685696167938105","173908668711","false"
"49093000000170931","49093000000013007","2026-06-28 13:58:59:382","2026-06-28 13:58:59:382","49093000000157734","KUG-388","49093000000164399","Bajaj","Innova","Grey","Aayush Ravel","04463921366417897","265979313773","true"
"49093000000170932","49093000000013007","2026-06-28 13:58:59:382","2026-06-28 13:58:59:382","49093000000157735","Z13 3MQ","49093000000164399","Bajaj","Seltos","Silver","Ayaan Ram","66055844337603336","719831748084","true"
"49093000000170933","49093000000013007","2026-06-28 13:58:59:382","2026-06-28 13:58:59:382","49093000000157737","1K-RHJI","49093000000164392","Kia","Scorpio","Red","Orinder Jani","99529035355984442","946419657955","false"
"49093000000170934","49093000000013007","2026-06-28 13:58:59:382","2026-06-28 13:58:59:382","49093000000157738","MRX 971","49093000000164399","Toyota","Apache","Black","Ucchal Badami","92562943198615696","447693212328","false"
"49093000000170935","49093000000013007","2026-06-28 13:58:59:383","2026-06-28 13:58:59:383","49093000000157739","879 RH5","49093000000164391","Toyota","Scorpio","Red","Darpan Patil","84395742715244438","101272232262","true"
"49093000000170936","49093000000013007","2026-06-28 13:58:59:383","2026-06-28 13:58:59:383","49093000000157742","60L-NPRR","49093000000164398","Ashok Leyland","City","Silver","Omkaar Brahmbhatt","88828488044715943","832912834639","true"
"49093000000170937","49093000000013007","2026-06-28 13:58:59:383","2026-06-28 13:58:59:383","49093000000157743","2-8580Z","49093000000164394","Toyota","Swift","Brown","Isaiah Gandhi","92258387100420037","644512786599","true"
"49093000000170938","49093000000013007","2026-06-28 13:58:59:383","2026-06-28 13:58:59:383","49093000000157746","Q27 9IZ","49093000000164396","Hyundai","Swift","White","Omisha Apte","92028657344616589","962835171278","false"
"49093000000170939","49093000000013007","2026-06-28 13:58:59:383","2026-06-28 13:58:59:383","49093000000157749","ASQ-6971","49093000000164400","Mahindra","Innova","Green","Kalpit Walla","09099219931967654","608357646419","true"
"49093000000170940","49093000000013007","2026-06-28 13:58:59:383","2026-06-28 13:58:59:383","49093000000157751","RAE-814","49093000000164400","Kia","Scorpio","Black","Prisha Goyal","19227580093877768","198750446212","true"
"49093000000170941","49093000000013007","2026-06-28 13:58:59:383","2026-06-28 13:58:59:383","49093000000157753","EVX 494","49093000000164397","Maruti Suzuki","Dost","Blue","Vansha Ramaswamy","22436091064129577","858430408054","false"
"49093000000170942","49093000000013007","2026-06-28 13:58:59:383","2026-06-28 13:58:59:383","49093000000157754","0T 94472","49093000000164393","Ashok Leyland","Pulsar","Blue","Raksha Chada","25171070958161610","332392521444","true"
"49093000000170943","49093000000013007","2026-06-28 13:58:59:383","2026-06-28 13:58:59:383","49093000000157755","ZHM-1085","49093000000164391","Honda","Creta","White","Darsh Jani","33709245757044537","868994075232","false"
"49093000000170944","49093000000013007","2026-06-28 13:58:59:383","2026-06-28 13:58:59:383","49093000000157756","5H X8313","49093000000164394","Hyundai","Innova","Grey","Laban Vohra","06152130431188705","108668591840","false"
